{
  "project_info": {
    "project_number": "812098852551",
    "firebase_url": "https://alert-app-e58a8-default-rtdb.firebaseio.com",
    "project_id": "alert-app-e58a8",
    "storage_bucket": "alert-app-e58a8.appspot.com"
  },
  "client": [
    {
      "client_info": {
        "mobilesdk_app_id": "1:812098852551:android:7113549960e75174d490e2",
        "android_client_info": {
          "package_name": "com.example.alertapp"
        }
      },
      "oauth_client": [
        {
          "client_id": "812098852551-mpum1maudfk074nca3grli8gc87ecp4c.apps.googleusercontent.com",
          "client_type": 3
        }
      ],
      "api_key": [
        {
          "current_key": "AIzaSyBmVgVPe-k6dNh51jgzunWXdam6Ny5Wt_4"
        }
      ],
      "services": {
        "appinvite_service": {
          "other_platform_oauth_client": [
            {
              "client_id": "812098852551-mpum1maudfk074nca3grli8gc87ecp4c.apps.googleusercontent.com",
              "client_type": 3
            }
          ]
        }
      }
    }
  ],
  "configuration_version": "1"
}